{
  "Version": "PSU W2 Model Version 4.1</version>",
  "Title": "Version 4.1 Lake Roosevelt Model\nRiverine reaches of Columbia and Spokane Rivers broken into many WBs\nJday 1.0 is Jan 1, 2011\n\nAdapted from version 3.5 model developed by Mike McKillup, PSU for Spokane Tribe\nThis version developed by PSU for the US Bureau of Reclamation.",
  "Grid": {
    "NWB": 25,
    "NBR": 25,
    "IMX": 583,
    "KMX": 76,
    "NPROC": 1,
    "CLOSEC": "OFF"
    },
  "Inflow-Outflow": {
    "NTR": 1,
    "NST": 0,
    "NIW": 1,
    "NWD": 5,
    "NGT": 0,
    "NSP": 0,
    "NPI": 0,
    "NPU": 0
    },
  "Constituent Settings": {
    "NGC": 3,
    "NSS": 1,
    "NAL": 3,
    "NEP": 1,
    "NBOD": 1,
    "NMC": 0,
    "NZP": 3
  },
  "Miscellaneous": {
    "NDAY": 100,
    "SELECTC": "OFF",
    "HABTATC": "OFF",
    "ENVIRPC": "OFF",
    "AERATEC": "OFF",
    "INITUWL": "OFF"
  },
  "Time Control": {
    "TMSTRT": 1.00000,
    "TMEND": 1827.00,
    "YEAR": 2011
  },
  "Timestep Control": {
    "NDT": 20,
    "DLTMIN": 0.00100,
    "DLTINTR": "OFF"
  },
  "Timestep Date": [1.0,118.0,130.0,170.0,200.0,366.0,483.0,495.0,535.0,565.0,731.0,848.0,860.0,900.0,930.0,1097.0,1214.0,1226.0,1266.0,1296.0],
  "Max Timestep": [300.0,10.0,10.0,5.0,300.0,300.0,10.0,10.0,5.0,300.0,300.0,10.0,10.0,5.0,300.0,300.0,10.0,10.0,5.0,300.0],
  "Timestep Frequency": [0.8,0.4,0.4,0.4,0.8,0.8,0.4,0.4,0.4,0.8,0.8,0.4,0.4,0.4,0.8,0.8,0.4,0.4,0.4,0.8],
  "Timestep Limit": {
    "WB": [1,2,3,4,5,6,7,8,9,10,11,12,13,14,15,16,17,18,19,20,21,22,23,24,25],
    "VISC": ["ON","ON","ON","ON","ON","ON","ON","ON","ON","ON","ON","ON","ON","ON","ON","ON","ON","ON","ON","ON","ON","ON","ON","ON","ON"],
    "CELC": ["ON","ON","ON","ON","ON","ON","ON","ON","ON","ON","ON","ON","ON","ON","ON","ON","ON","ON","ON","ON","ON","ON","ON","ON","ON"]
  },
  "Branch Geometry": {
    "WB": [1,2,3,4,5,6,7,8,9,10,11,12,13,14,15,16,17,18,19,20,21,22,23,24,25],
    "US": [2,22,34,46,58,70,82,94,106,118,130,142,195,276,320,337,343,349,363,377,391,405,419,547,557],
    "DS": [19,31,43,55,67,79,91,103,115,127,139,192,273,317,334,340,346,360,374,388,402,416,544,554,582],
    "UHS": [0,19,31,43,55,67,79,91,103,115,127,139,192,273,0,0,0,0,360,374,388,402,416,0,0],
    "DHS": [22,34,46,58,70,82,94,106,118,130,142,195,276,0,144,147,154,363,377,391,405,419,248,255,289],
    "UQB": [0,0,0,0,0,0,0,0,0,0,0,0,0,0,0,0,0,0,0,0,0,0,0,0,0],
    "DQB": [0,0,0,0,0,0,0,0,0,0,0,0,0,0,0,0,0,0,0,0,0,0,0,0,0],
    "NLMIN": [1,1,1,1,1,1,1,1,1,1,1,1,1,1,1,1,1,1,1,1,1,1,1,1,1],
    "SLOPE": [0.00055,0,0,0,0,0,0,0,0,0,0,0,0,0,0,0,0,0.00067,0.00067,0.00067,0.00067,0.00067,0,0,0],
    "SLOPEC": [0.00055,0,0,0,0,0,0,0,0,0,0,0,0,0,0,0,0,0.00067,0.00067,0.00067,0.00067,0.00067,0,0,0]
  }
}
